{
    "loss": 1.8418742418289185,
    "accuracy": 0.7931034564971924
}