{
    "loss": 0.7951647639274597,
    "accuracy": 0.8448275923728943
}